<hazelcast
        xsi:schemaLocation="http://www.hazelcast.com/schema/config
  http://www.hazelcast.com/schema/config/hazelcast-config-3.5.xsd"
        xmlns="http://www.hazelcast.com/schema/config"
        xmlns:xsi="http://www.w3.org/2001/XMLSchema-instance">
    <network>
        <join>
            <multicast enabled="true">
                <multicast-group>224.2.2.3</multicast-group>
                <multicast-port>54327</multicast-port>
                <multicast-time-to-live>32</multicast-time-to-live>
                <multicast-timeout-seconds>2</multicast-timeout-seconds>
                <trusted-interfaces>
                    <interface>192.168.1.102</interface>
                </trusted-interfaces>
            </multicast>
            <tcp-ip enabled="false">
            </tcp-ip>
            <aws enabled="false">
            </aws>
        </join>
    </network>

</hazelcast>
